file_short_name,twitter_handle
arizona_twitter-search.json,twitter.com/uarizona
arizona_twitter-search.json,twitter.com/uarizonahsi
arizona_twitter-search.json,twitter.com/arizonaalumni
arizona_twitter-search.json,twitter.com/uarizonalaw
arizona_twitter-search.json,twitter.com/iplp
arizona_twitter-search.json,twitter.com/uazunions
arizona_twitter-search.json,twitter.com/uazresearch
arizona_twitter-search.json,twitter.com/azathletics
arizona_twitter-search.json,twitter.com/uarizonapres
arizona_twitter-search.json,twitter.com/azpress
arizona_twitter-search.json,twitter.com/asu
arizona_twitter-search.json,twitter.com/uarizonaonline
arizona_twitter-search.json,twitter.com/dailywildcat
arizona_twitter-search.json,twitter.com/arizonafball
asu_twitter-search.json,twitter.com/asu
asu_twitter-search.json,twitter.com/asupolice
asu_twitter-search.json,twitter.com/asunews
asu_twitter-search.json,twitter.com/asubiodesign
asu_twitter-search.json,twitter.com/asuonline
asu_twitter-search.json,twitter.com/asusols
asu_twitter-search.json,twitter.com/futuresundevils
asu_twitter-search.json,twitter.com/michaelcrow
asu_twitter-search.json,twitter.com/asu_alumni
bc_twitter-search.json,twitter.com/bostoncollege
bc_twitter-search.json,twitter.com/bc_admission
bc_twitter-search.json,twitter.com/bceagles
bc_twitter-search.json,twitter.com/bcfootball
bc_twitter-search.json,twitter.com/bclaw
bc_twitter-search.json,twitter.com/bostoncollclub
bc_twitter-search.json,twitter.com/bcrecreation
bc_twitter-search.json,twitter.com/bcalumni
berkeley_twitter-search.json,twitter.com/ucberkeley
berkeley_twitter-search.json,twitter.com/ucberkeleynews
berkeley_twitter-search.json,twitter.com/cal
berkeley_twitter-search.json,twitter.com/berkeleylaw
berkeley_twitter-search.json,twitter.com/caladmissions
berkeley_twitter-search.json,twitter.com/ucberkeleysph
berkeley_twitter-search.json,twitter.com/uofcalifornia
berkeley_twitter-search.json,twitter.com/berkeleymcb
berkeley_twitter-search.json,twitter.com/ucberkeleylib
binghamton_twitter-search.json,twitter.com/binghamtonu
binghamton_twitter-search.json,twitter.com/bearcatswrestle
binghamton_twitter-search.json,twitter.com/binghamtonsom
binghamton_twitter-search.json,twitter.com/binghamtonbase
binghamton_twitter-search.json,twitter.com/binghamtonmsoc
binghamton_twitter-search.json,twitter.com/bingubio
binghamton_twitter-search.json,twitter.com/binghamtonuwbb
binghamton_twitter-search.json,twitter.com/bingcompsci
binghamton_twitter-search.json,twitter.com/binghamtonsoft
brandeis_twitter-search.json,twitter.com/brandeisu
brandeis_twitter-search.json,twitter.com/brandeisnow
brandeis_twitter-search.json,twitter.com/search
brandeis_twitter-search.json,twitter.com/brandeisjudges
brandeis_twitter-search.json,twitter.com/brandeisualumni
brandeis_twitter-search.json,twitter.com/brandeisdsa
brandeis_twitter-search.json,twitter.com/brandeisgsas
brandeis_twitter-search.json,twitter.com/thehellerschool
brandeis_twitter-search.json,twitter.com/thebrandeishoot
brandeis_twitter-search.json,twitter.com/brandeischem
brown_twitter-search.json,twitter.com/brownuniversity
brown_twitter-search.json,twitter.com/brownathletics
brown_twitter-search.json,twitter.com/brownengin
brown_twitter-search.json,twitter.com/brownufootball
brown_twitter-search.json,twitter.com/brown_wsoccer
brown_twitter-search.json,twitter.com/brownbasketball
brown_twitter-search.json,twitter.com/globalbrownu
brown_twitter-search.json,twitter.com/brownlacrosse
bu_twitter-search.json,twitter.com/bu_tweets
bu_twitter-search.json,twitter.com/applytobu
bu_twitter-search.json,twitter.com/bupolice
bu_twitter-search.json,twitter.com/buathletics
bu_twitter-search.json,twitter.com/budiningservice
bu_twitter-search.json,twitter.com/bualumni
bu_twitter-search.json,twitter.com/busph
bu_twitter-search.json,twitter.com/buwheelock
bu_twitter-search.json,twitter.com/bu_law
bucknell_twitter-search.json,twitter.com/bucknellu
bucknell_twitter-search.json,twitter.com/bucknell_bison
bucknell_twitter-search.json,twitter.com/bucknellupress
bucknell_twitter-search.json,twitter.com/bucknell_fb
bucknell_twitter-search.json,twitter.com/bucknell_sb
bucknell_twitter-search.json,twitter.com/bualumninews
bucknell_twitter-search.json,twitter.com/bucknell_mbb
bucknell_twitter-search.json,twitter.com/bucknell_bb
bucknell_twitter-search.json,twitter.com/bu_engr
bucknell_twitter-search.json,twitter.com/bucknell_wrst
buffalo_twitter-search.json,twitter.com/ubuffalo
buffalo_twitter-search.json,twitter.com/ubcommunity
buffalo_twitter-search.json,twitter.com/ubschooloflaw
buffalo_twitter-search.json,twitter.com/jacobs_med_ub
buffalo_twitter-search.json,twitter.com/ubnewssource
buffalo_twitter-search.json,twitter.com/ubengineering
buffalo_twitter-search.json,twitter.com/ubbullssoftball
buffalo_twitter-search.json,twitter.com/ubgse
buffalo_twitter-search.json,twitter.com/ubadmissions
buffalo_twitter-search.json,twitter.com/buffalostate
caltech_twitter-search.json,twitter.com/caltech
caltech_twitter-search.json,twitter.com/caltechcce
caltech_twitter-search.json,twitter.com/caltechbeavers
caltech_twitter-search.json,twitter.com/caltechhoops
caltech_twitter-search.json,twitter.com/pmacaltech
case_twitter-search.json,twitter.com/cwru
case_twitter-search.json,twitter.com/cwruadmission
case_twitter-search.json,twitter.com/caseathletics
case_twitter-search.json,twitter.com/cwrusom
case_twitter-search.json,twitter.com/cwru_law
case_twitter-search.json,twitter.com/caseengineer
case_twitter-search.json,twitter.com/cwru_softball
case_twitter-search.json,twitter.com/cwrufootball
case_twitter-search.json,twitter.com/cwru_baseball
clemson_twitter-search.json,twitter.com/clemsonuniv
clemson_twitter-search.json,twitter.com/clemsontigers
clemson_twitter-search.json,twitter.com/clemsonfb
clemson_twitter-search.json,twitter.com/clemsonsafety
clemson_twitter-search.json,twitter.com/tigertownbound
clemson_twitter-search.json,twitter.com/clemsonprez
clemson_twitter-search.json,twitter.com/clemsonmtennis
clemson_twitter-search.json,twitter.com/clemsonrowing
clemson_twitter-search.json,twitter.com/clemsonmsoccer
clemson_twitter-search.json,twitter.com/deshaunwatson
cmu_twitter-search.json,twitter.com/carnegiemellon
cmu_twitter-search.json,twitter.com/scsatcmu
cmu_twitter-search.json,twitter.com/cmuengineering
cmu_twitter-search.json,twitter.com/cmuscience
cmu_twitter-search.json,twitter.com/tartanathletics
cmu_twitter-search.json,twitter.com/cmu_chem
cmu_twitter-search.json,twitter.com/teppercmu
cmu_twitter-search.json,twitter.com/tartanfb
cmu_twitter-search.json,twitter.com/mldcmu
colorado_twitter-search.json,twitter.com/cuboulder
colorado_twitter-search.json,twitter.com/cusystem
colorado_twitter-search.json,twitter.com/cuboulderpolice
colorado_twitter-search.json,twitter.com/cuboulderalerts
colorado_twitter-search.json,twitter.com/cuengineering
colorado_twitter-search.json,twitter.com/cuboulderlife
colorado_twitter-search.json,twitter.com/futurebuffs
colorado_twitter-search.json,twitter.com/cololaw
colorado_twitter-search.json,twitter.com/cubuffshockey
columbia_twitter-search.json,twitter.com/columbia
columbia_twitter-search.json,twitter.com/columbiaulife
columbia_twitter-search.json,twitter.com/columbialib
columbia_twitter-search.json,twitter.com/hamiltonhall
columbia_twitter-search.json,twitter.com/gocolumbialions
columbia_twitter-search.json,twitter.com/columbiajourn
columbia_twitter-search.json,twitter.com/columbialaw
columbia_twitter-search.json,twitter.com/columbia_biz
columbia_twitter-search.json,twitter.com/columbiaps
cornell_twitter-search.json,twitter.com/cornell
cornell_twitter-search.json,twitter.com/cornelluao
cornell_twitter-search.json,twitter.com/cornellsports
cornell_twitter-search.json,twitter.com/cornellnews
cornell_twitter-search.json,twitter.com/cornell_tech
cornell_twitter-search.json,twitter.com/cornellsun
cornell_twitter-search.json,twitter.com/cornellmba
cornell_twitter-search.json,twitter.com/cornellpress
cornell_twitter-search.json,twitter.com/cornellalumni
dartmouth_twitter-search.json,twitter.com/dartmouth
dartmouth_twitter-search.json,twitter.com/dartmouthsports
dartmouth_twitter-search.json,twitter.com/dartmouthalumni
dartmouth_twitter-search.json,twitter.com/dartmouthsball
dartmouth_twitter-search.json,twitter.com/geiselmed
dartmouth_twitter-search.json,twitter.com/dartmouthwbb
dartmouth_twitter-search.json,twitter.com/dartmouthre
dartmouth_twitter-search.json,twitter.com/dartmouthmlax
dartmouth_twitter-search.json,twitter.com/dartmouthmsoc
dartmouth_twitter-search.json,twitter.com/dartmouthreview
drexel_twitter-search.json,twitter.com/drexeluniv
drexel_twitter-search.json,twitter.com/drexelnews
drexel_twitter-search.json,twitter.com/drexeladmission
drexel_twitter-search.json,twitter.com/drexelnow
drexel_twitter-search.json,twitter.com/drexelpubhealth
drexel_twitter-search.json,twitter.com/drexelmbb
drexel_twitter-search.json,twitter.com/drexeldragons
drexel_twitter-search.json,twitter.com/drexelcci
drexel_twitter-search.json,twitter.com/drexelmsoccer
duke_twitter-search.json,twitter.com/dukeu
duke_twitter-search.json,twitter.com/dukenews
duke_twitter-search.json,twitter.com/dukepress
duke_twitter-search.json,twitter.com/dukembb
duke_twitter-search.json,twitter.com/dukestudents
duke_twitter-search.json,twitter.com/dukechronicle
duke_twitter-search.json,twitter.com/dukeathletics
duke_twitter-search.json,twitter.com/discoverduke
duke_twitter-search.json,twitter.com/dukefootball
emory_twitter-search.json,twitter.com/emoryuniversity
emory_twitter-search.json,twitter.com/emorynews
emory_twitter-search.json,twitter.com/emorycollege
emory_twitter-search.json,twitter.com/emoryadmission
emory_twitter-search.json,twitter.com/emoryhealthcare
emory_twitter-search.json,twitter.com/emorywheel
emory_twitter-search.json,twitter.com/emoryathletics
emory_twitter-search.json,twitter.com/emorygoizueta
emory_twitter-search.json,twitter.com/emorylaw
emory_twitter-search.json,twitter.com/emorymedicine
emory_twitter-search.json,twitter.com/emoryhealthsci
fordham_twitter-search.json,twitter.com/fordhamnyc
fordham_twitter-search.json,twitter.com/fordhamrams
fordham_twitter-search.json,twitter.com/fordhamgsb
fordham_twitter-search.json,twitter.com/fordhamfootball
fordham_twitter-search.json,twitter.com/fordhamnotes
fordham_twitter-search.json,twitter.com/fordhamlawnyc
fordham_twitter-search.json,twitter.com/fordhampress
fordham_twitter-search.json,twitter.com/fordhammbb
fsu_twitter-search.json,twitter.com/floridastate
fsu_twitter-search.json,twitter.com/fsufootball
fsu_twitter-search.json,twitter.com/fsuadmissions
fsu_twitter-search.json,twitter.com/fsupresthrasher
fsu_twitter-search.json,twitter.com/tomahawknation
fsu_twitter-search.json,twitter.com/fsu_softball
fsu_twitter-search.json,twitter.com/fsuresearch
fsu_twitter-search.json,twitter.com/fsubiz
gatech_twitter-search.json,twitter.com/georgiatech
gatech_twitter-search.json,twitter.com/gtresearchnews
gatech_twitter-search.json,twitter.com/gtadmission
gatech_twitter-search.json,twitter.com/megeorgiatech
gatech_twitter-search.json,twitter.com/gtswimdive
gatech_twitter-search.json,twitter.com/gtchbe
gatech_twitter-search.json,twitter.com/gtaerospace
gatech_twitter-search.json,twitter.com/gtcomputing
georgetown_twitter-search.json,twitter.com/georgetown
georgetown_twitter-search.json,twitter.com/georgetownhoyas
georgetown_twitter-search.json,twitter.com/georgetownhoops
georgetown_twitter-search.json,twitter.com/thehoya
georgetown_twitter-search.json,twitter.com/gogeorgetown
georgetown_twitter-search.json,twitter.com/georgetownlaw
georgetown_twitter-search.json,twitter.com/georgetown_up
georgetown_twitter-search.json,twitter.com/msbgu
georgetown_twitter-search.json,twitter.com/fgdewji
georgetown_twitter-search.json,twitter.com/eyewaME
georgetown_twitter-search.json,twitter.com/georgetownsfs
gwu_twitter-search.json,twitter.com/gwtweets
gwu_twitter-search.json,twitter.com/gwtoday
gwu_twitter-search.json,twitter.com/gwadmissions
gwu_twitter-search.json,twitter.com/gw_softball
gwu_twitter-search.json,twitter.com/gwsmhs
gwu_twitter-search.json,twitter.com/gwwomenssoccer
gwu_twitter-search.json,twitter.com/gwmenssoccer
gwu_twitter-search.json,twitter.com/gwbaseball1
harvard_twitter-search.json,twitter.com/harvard
harvard_twitter-search.json,twitter.com/applytoharvard
harvard_twitter-search.json,twitter.com/harvardhbs
harvard_twitter-search.json,twitter.com/thecrimson
harvard_twitter-search.json,twitter.com/harvard_press
harvard_twitter-search.json,twitter.com/harvardmed
harvard_twitter-search.json,twitter.com/kennedy_school
harvard_twitter-search.json,twitter.com/lhsummers
hmc_twitter-search.json,twitter.com/harveymudd
hmc_twitter-search.json,twitter.com/hmcadmission
hmc_twitter-search.json,twitter.com/hmcalumni
hmc_twitter-search.json,twitter.com/pomonacollege
hmc_twitter-search.json,twitter.com/cmsstagsfb
howard_twitter-search.json,twitter.com/howardu
howard_twitter-search.json,twitter.com/howardadmission
howard_twitter-search.json,twitter.com/howardunews
howard_twitter-search.json,twitter.com/howardbison
howard_twitter-search.json,twitter.com/hustudentaffair
howard_twitter-search.json,twitter.com/howardlawschool
howard_twitter-search.json,twitter.com/hubisonsports
howard_twitter-search.json,twitter.com/howardualumni
iit_twitter-search.json,twitter.com/illinoistech
iit_twitter-search.json,twitter.com/iltechathletics
iit_twitter-search.json,twitter.com/iitengineering
iit_twitter-search.json,twitter.com/iitadmission
iit_twitter-search.json,twitter.com/iitarchitecture
iit_twitter-search.json,twitter.com/iltechbaseball
iit_twitter-search.json,twitter.com/iitesports
iit_twitter-search.json,twitter.com/chicagokentlaw
iit_twitter-search.json,twitter.com/mriatiit
illinois_twitter-search.json,twitter.com/illinois_alma
illinois_twitter-search.json,twitter.com/uofiadmissions
illinois_twitter-search.json,twitter.com/uofiresearch
illinois_twitter-search.json,twitter.com/uofilsystem
illinois_twitter-search.json,twitter.com/newsatillinois
illinois_twitter-search.json,twitter.com/uipd
illinois_twitter-search.json,twitter.com/illiniunion
iub_twitter-search.json,twitter.com/iubloomington
iub_twitter-search.json,twitter.com/indianauniv
iub_twitter-search.json,twitter.com/idsnews
iub_twitter-search.json,twitter.com/iuadmissions
iub_twitter-search.json,twitter.com/iupd_btown
iub_twitter-search.json,twitter.com/kelleyschool
iub_twitter-search.json,twitter.com/indianamsoc
iub_twitter-search.json,twitter.com/indianambb
iub_twitter-search.json,twitter.com/iubprovost
iub_twitter-search.json,twitter.com/crres_iub
iub_twitter-search.json,twitter.com/iubchemistry
jhu_twitter-search.json,twitter.com/johnshopkins
jhu_twitter-search.json,twitter.com/hopkinsmedicine
jhu_twitter-search.json,twitter.com/johnshopkinssph
jhu_twitter-search.json,twitter.com/saishopkins
jhu_twitter-search.json,twitter.com/jhueducation
jhu_twitter-search.json,twitter.com/jhu_admissions
jhu_twitter-search.json,twitter.com/hopkinsengineer
jhu_twitter-search.json,twitter.com/jhuartssciences
lehigh_twitter-search.json,twitter.com/lehighu
lehigh_twitter-search.json,twitter.com/lehighadmission
lehigh_twitter-search.json,twitter.com/lehighsports
lehigh_twitter-search.json,twitter.com/lehighfootball
lehigh_twitter-search.json,twitter.com/lehighlacrosse
lehigh_twitter-search.json,twitter.com/lehighvball
lehigh_twitter-search.json,twitter.com/lehighresearch
lehigh_twitter-search.json,twitter.com/lehighbusiness
lehigh_twitter-search.json,twitter.com/lehightennis
lehigh_twitter-search.json,twitter.com/lehighwrestling
miami_twitter-search.json,twitter.com/univmiami
miami_twitter-search.json,twitter.com/umadmission
miami_twitter-search.json,twitter.com/miamiuniversity
miami_twitter-search.json,twitter.com/miamihurricanes
miami_twitter-search.json,twitter.com/umiamiuonline
miami_twitter-search.json,twitter.com/umiami_sa
miami_twitter-search.json,twitter.com/canesliveon
miami_twitter-search.json,twitter.com/miamilawschool
mines_twitter-search.json,twitter.com/coschoolofmines
mines_twitter-search.json,twitter.com/minesathletics
mines_twitter-search.json,twitter.com/minesfootball
mines_twitter-search.json,twitter.com/minesadmissions
mines_twitter-search.json,twitter.com/minesmbb
mines_twitter-search.json,twitter.com/mineswsoc
mines_twitter-search.json,twitter.com/orediggersbsb
mines_twitter-search.json,twitter.com/minesmsoc
mines_twitter-search.json,twitter.com/csmtrack
mit_twitter-search.json,twitter.com/mit
mit_twitter-search.json,twitter.com/mitstudents
mit_twitter-search.json,twitter.com/sciencemit
mit_twitter-search.json,twitter.com/medialab
mit_twitter-search.json,twitter.com/mit_csail
mit_twitter-search.json,twitter.com/mitengineering
mit_twitter-search.json,twitter.com/mitocw
mit_twitter-search.json,twitter.com/mitecon
msu_twitter-search.json,twitter.com/michiganstateu
msu_twitter-search.json,twitter.com/msu_football
msu_twitter-search.json,twitter.com/msunews
msu_twitter-search.json,twitter.com/msu_basketball
msu_twitter-search.json,twitter.com/msu_athletics
msu_twitter-search.json,twitter.com/msumd
msu_twitter-search.json,twitter.com/msu_wsoccer
msu_twitter-search.json,twitter.com/michstvb
msu_twitter-search.json,twitter.com/msubroadcollege
ncsu_twitter-search.json,twitter.com/ncstate
ncsu_twitter-search.json,twitter.com/ncstatenews
ncsu_twitter-search.json,twitter.com/packfootball
ncsu_twitter-search.json,twitter.com/ncstatebaseball
ncsu_twitter-search.json,twitter.com/packathletics
ncsu_twitter-search.json,twitter.com/ncstatealumni
ncsu_twitter-search.json,twitter.com/ncstateengr
ncsu_twitter-search.json,twitter.com/packmensbball
ncsu_twitter-search.json,twitter.com/packpride
nd_twitter-search.json,twitter.com/notredame
nd_twitter-search.json,twitter.com/ndfootball
nd_twitter-search.json,twitter.com/nd_news
nd_twitter-search.json,twitter.com/notredameaus
nd_twitter-search.json,twitter.com/ndadmissions
nd_twitter-search.json,twitter.com/fightingirish
nd_twitter-search.json,twitter.com/undresearch
northeastern_twitter-search.json,twitter.com/northeastern
northeastern_twitter-search.json,twitter.com/nuadmissions
northeastern_twitter-search.json,twitter.com/gonuathletics
northeastern_twitter-search.json,twitter.com/northeasternpd
northeastern_twitter-search.json,twitter.com/gonumhockey
northeastern_twitter-search.json,twitter.com/gonubaseball
northeastern_twitter-search.json,twitter.com/nustudentlife
northeastern_twitter-search.json,twitter.com/nucssh
northeastern_twitter-search.json,twitter.com/neiu
northwestern_twitter-search.json,twitter.com/northwesternu
northwestern_twitter-search.json,twitter.com/nufbfamily
northwestern_twitter-search.json,twitter.com/northwesternadm
northwestern_twitter-search.json,twitter.com/thedailynu
northwestern_twitter-search.json,twitter.com/nu_sports
northwestern_twitter-search.json,twitter.com/nufeinbergmed
northwestern_twitter-search.json,twitter.com/northwesternlaw
northwestern_twitter-search.json,twitter.com/numensbball
northwestern_twitter-search.json,twitter.com/northwesternem
nyu_twitter-search.json,twitter.com/nyuniversity
nyu_twitter-search.json,twitter.com/meetnyu
nyu_twitter-search.json,twitter.com/nyusteinhardt
nyu_twitter-search.json,twitter.com/nyulaw
nyu_twitter-search.json,twitter.com/nyustern
nyu_twitter-search.json,twitter.com/nyuwomenshoops
nyu_twitter-search.json,twitter.com/nyucic
nyu_twitter-search.json,twitter.com/nyulawreview
nyu_twitter-search.json,twitter.com/nyutischschool
olin_twitter-search.json,twitter.com/olincollege
olin_twitter-search.json,twitter.com/olinadmission
olin_twitter-search.json,twitter.com/olinerdean
osu_twitter-search.json,twitter.com/ohiostate
osu_twitter-search.json,twitter.com/osuwexmed
osu_twitter-search.json,twitter.com/studentlifeosu
osu_twitter-search.json,twitter.com/ohiostatemed
osu_twitter-search.json,twitter.com/osuccc_james
osu_twitter-search.json,twitter.com/tbdbitl
osu_twitter-search.json,twitter.com/osunursing
osu_twitter-search.json,twitter.com/ohiostategcprog
osu_twitter-search.json,twitter.com/osu_pharmacy
osu_twitter-search.json,twitter.com/osupolice
pitt_twitter-search.json,twitter.com/pitttweet
pitt_twitter-search.json,twitter.com/pittstudents
pitt_twitter-search.json,twitter.com/pitt_fb
pitt_twitter-search.json,twitter.com/upittpress
pitt_twitter-search.json,twitter.com/thepittnews
pitt_twitter-search.json,twitter.com/pittadmissions
pitt_twitter-search.json,twitter.com/upmcnews
pitt_twitter-search.json,twitter.com/pitt_athletics
pitt_twitter-search.json,twitter.com/pitteducation
princeton_twitter-search.json,twitter.com/princeton
princeton_twitter-search.json,twitter.com/princetonian
princeton_twitter-search.json,twitter.com/princetonupress
princeton_twitter-search.json,twitter.com/princetonalumni
princeton_twitter-search.json,twitter.com/princetonftbl
princeton_twitter-search.json,twitter.com/princetonchem
princeton_twitter-search.json,twitter.com/puartmuseum
psu_twitter-search.json,twitter.com/penn_state
psu_twitter-search.json,twitter.com/psuparking
psu_twitter-search.json,twitter.com/psualertup
psu_twitter-search.json,twitter.com/psuscience
psu_twitter-search.json,twitter.com/pennstatepolice
psu_twitter-search.json,twitter.com/psu_chemistry
psu_twitter-search.json,twitter.com/pennstatelaw
psu_twitter-search.json,twitter.com/pennstatehhd
psu_twitter-search.json,twitter.com/psupress
purdue_twitter-search.json,twitter.com/lifeatpurdue
purdue_twitter-search.json,twitter.com/boilerfootball
purdue_twitter-search.json,twitter.com/purdueunivnews
purdue_twitter-search.json,twitter.com/purduesports
purdue_twitter-search.json,twitter.com/purdueengineers
purdue_twitter-search.json,twitter.com/boilerball
purdue_twitter-search.json,twitter.com/purdueadmission
purdue_twitter-search.json,twitter.com/purduestudents
purdue_twitter-search.json,twitter.com/purduesoccer
rice_twitter-search.json,twitter.com/riceuniversity
rice_twitter-search.json,twitter.com/riceunews
rice_twitter-search.json,twitter.com/davidleebron
rice_twitter-search.json,twitter.com/riceathletics
rice_twitter-search.json,twitter.com/riceadmission
rice_twitter-search.json,twitter.com/ricemech
rice_twitter-search.json,twitter.com/rice_bioe
rice_twitter-search.json,twitter.com/ricestatistics
rice_twitter-search.json,twitter.com/rdesroches
rochester_twitter-search.json,twitter.com/uofr
rochester_twitter-search.json,twitter.com/uradmissions
rochester_twitter-search.json,twitter.com/urochestermed
rochester_twitter-search.json,twitter.com/rochester_u
rochester_twitter-search.json,twitter.com/ur_med
rochester_twitter-search.json,twitter.com/rclibraries
rochester_twitter-search.json,twitter.com/uofrfootball
rochester_twitter-search.json,twitter.com/uofr_psych
rochester_twitter-search.json,twitter.com/urochesterchem
rose-hulman_twitter-search.json,twitter.com/rosehulman
rose-hulman_twitter-search.json,twitter.com/rhitsports
rose-hulman_twitter-search.json,twitter.com/rosehulmanfb
rose-hulman_twitter-search.json,twitter.com/rosehulmanhoops
rose-hulman_twitter-search.json,twitter.com/rhitadmissions
rose-hulman_twitter-search.json,twitter.com/rosehulmanmsoc
rose-hulman_twitter-search.json,twitter.com/rhitcsse
rose-hulman_twitter-search.json,twitter.com/rosefiji
rose-hulman_twitter-search.json,twitter.com/rhitbaseball
rose-hulman_twitter-search.json,twitter.com/coach_fries
rpi_twitter-search.json,twitter.com/rpi
rpi_twitter-search.json,twitter.com/rpinews
rpi_twitter-search.json,twitter.com/rensselaer
rpi_twitter-search.json,twitter.com/rpiadmissions
rpi_twitter-search.json,twitter.com/rpiathletics
rpi_twitter-search.json,twitter.com/rpifootball
rpi_twitter-search.json,twitter.com/rpilally
rpi_twitter-search.json,twitter.com/rpi_whockey
rpi_twitter-search.json,twitter.com/rpi_mbb
rutgers_twitter-search.json,twitter.com/rutgersu
rutgers_twitter-search.json,twitter.com/rutgersnb
rutgers_twitter-search.json,twitter.com/rulibraries
rutgers_twitter-search.json,twitter.com/masongross
rutgers_twitter-search.json,twitter.com/rutgersresearch
rutgers_twitter-search.json,twitter.com/rutgersbschool
scu_twitter-search.json,twitter.com/santaclarauniv
scu_twitter-search.json,twitter.com/scuadmission
scu_twitter-search.json,twitter.com/scubroncos
scu_twitter-search.json,twitter.com/thesantaclara
scu_twitter-search.json,twitter.com/scualumni
scu_twitter-search.json,twitter.com/scunews
scu_twitter-search.json,twitter.com/scuvolleyball
scu_twitter-search.json,twitter.com/scu_baseball
scu_twitter-search.json,twitter.com/scusoftball
scu_twitter-search.json,twitter.com/santaclarahoops
stanford_twitter-search.json,twitter.com/stanford
stanford_twitter-search.json,twitter.com/stanfordfball
stanford_twitter-search.json,twitter.com/stanfordmed
stanford_twitter-search.json,twitter.com/stanforddaily
stanford_twitter-search.json,twitter.com/gostanford
stanford_twitter-search.json,twitter.com/stanfordpress
stanford_twitter-search.json,twitter.com/stanfordalumni
stanford_twitter-search.json,twitter.com/stanfordmsoccer
stanford_twitter-search.json,twitter.com/stanfordwbb
stonybrook_twitter-search.json,twitter.com/stonybrooku
stonybrook_twitter-search.json,twitter.com/stonybrookmed
stonybrook_twitter-search.json,twitter.com/sbathletics
stonybrook_twitter-search.json,twitter.com/sbu_osa
stonybrook_twitter-search.json,twitter.com/stonybrookfb
stonybrook_twitter-search.json,twitter.com/stonybrookwlax
stonybrook_twitter-search.json,twitter.com/stonybrookwbb
stonybrook_twitter-search.json,twitter.com/stonybrookalum
stonybrook_twitter-search.json,twitter.com/sbuem
syr_twitter-search.json,twitter.com/syracuseu
syr_twitter-search.json,twitter.com/syracuseunews
syr_twitter-search.json,twitter.com/cusefootball
syr_twitter-search.json,twitter.com/cuse_mbb
syr_twitter-search.json,twitter.com/cuse
syr_twitter-search.json,twitter.com/sualums
syr_twitter-search.json,twitter.com/gosyracuseu
syr_twitter-search.json,twitter.com/cusesb
temple_twitter-search.json,twitter.com/templeuniv
temple_twitter-search.json,twitter.com/thetemplenews
temple_twitter-search.json,twitter.com/temple_fb
temple_twitter-search.json,twitter.com/templeowls
temple_twitter-search.json,twitter.com/templecph
temple_twitter-search.json,twitter.com/tumbbhoops
temple_twitter-search.json,twitter.com/admissionstu
temple_twitter-search.json,twitter.com/tuliberalarts
temple_twitter-search.json,twitter.com/tu_sp
temple_twitter-search.json,twitter.com/temple_msoc
tufts_twitter-search.json,twitter.com/tuftsuniversity
tufts_twitter-search.json,twitter.com/tuftsdaily
tufts_twitter-search.json,twitter.com/tuftsnow
tufts_twitter-search.json,twitter.com/tuftslacrosse
tufts_twitter-search.json,twitter.com/fletcherschool
tufts_twitter-search.json,twitter.com/tuftsstdntlife
tufts_twitter-search.json,twitter.com/tuftspolice
tufts_twitter-search.json,twitter.com/tuftsbaseball
tufts_twitter-search.json,twitter.com/tuftsmedschool
tufts_twitter-search.json,twitter.com/tuftsathletics
tulane_twitter-search.json,twitter.com/tulane
tulane_twitter-search.json,twitter.com/greenwavefb
tulane_twitter-search.json,twitter.com/tulanemedicine
tulane_twitter-search.json,twitter.com/tulaneemergency
tulane_twitter-search.json,twitter.com/tulaneadmission
tulane_twitter-search.json,twitter.com/tulanenews
tulane_twitter-search.json,twitter.com/tulaneathletics
tulane_twitter-search.json,twitter.com/greenwavewbb
ucdavis_twitter-search.json,twitter.com/ucdavis
ucdavis_twitter-search.json,twitter.com/ucdavishealth
ucdavis_twitter-search.json,twitter.com/ucdavisnews
ucdavis_twitter-search.json,twitter.com/ucdavisvetmed
ucdavis_twitter-search.json,twitter.com/ucdavisem
ucdavis_twitter-search.json,twitter.com/ucdavisaggies
ucdavis_twitter-search.json,twitter.com/ucdaviswbb
ucdavis_twitter-search.json,twitter.com/ucdavisdateline
ucdavis_twitter-search.json,twitter.com/ucdavismedcntr
uchicago_twitter-search.json,twitter.com/uchicago
uchicago_twitter-search.json,twitter.com/viewchicago
uchicago_twitter-search.json,twitter.com/uchicagomed
uchicago_twitter-search.json,twitter.com/uchicagocollege
uchicago_twitter-search.json,twitter.com/uchicagohum
uchicago_twitter-search.json,twitter.com/uchicagolaw
uchicago_twitter-search.json,twitter.com/uchicagofb
uchicago_twitter-search.json,twitter.com/uchicagonews
uci_twitter-search.json,twitter.com/ucirvine
uci_twitter-search.json,twitter.com/uciadmissions
uci_twitter-search.json,twitter.com/ucirvinehealth
uci_twitter-search.json,twitter.com/uciathletics
uci_twitter-search.json,twitter.com/ucirvinesurgery
uci_twitter-search.json,twitter.com/ucimsoc
uci_twitter-search.json,twitter.com/ucilaw
uci_twitter-search.json,twitter.com/ucirvinesom
uci_twitter-search.json,twitter.com/ucimbb
ucla_twitter-search.json,twitter.com/ucla
ucla_twitter-search.json,twitter.com/uclanewsroom
ucla_twitter-search.json,twitter.com/uclachem
ucla_twitter-search.json,twitter.com/uclaengineering
ucla_twitter-search.json,twitter.com/ucla_law
ucla_twitter-search.json,twitter.com/dgsomucla
ucla_twitter-search.json,twitter.com/uclabaseball
ucla_twitter-search.json,twitter.com/uclacollege
ucla_twitter-search.json,twitter.com/uclamsoccer
uconn_twitter-search.json,twitter.com/uconn
uconn_twitter-search.json,twitter.com/uconnhuskies
uconn_twitter-search.json,twitter.com/uconnfootball
uconn_twitter-search.json,twitter.com/uconnwbb
uconn_twitter-search.json,twitter.com/uconnmbb
uconn_twitter-search.json,twitter.com/theuconnblog
uconn_twitter-search.json,twitter.com/uconnlaw
uconn_twitter-search.json,twitter.com/uconnhealth
uconn_twitter-search.json,twitter.com/uchi_uconn
ucr_twitter-search.json,twitter.com/ucriverside
ucr_twitter-search.json,twitter.com/ucradmissions
ucr_twitter-search.json,twitter.com/ucr_wbb
ucr_twitter-search.json,twitter.com/ucrbcoe
ucr_twitter-search.json,twitter.com/ucrsom
ucr_twitter-search.json,twitter.com/ucrsoftball
ucr_twitter-search.json,twitter.com/ucrlibrary
ucr_twitter-search.json,twitter.com/ucrspp
ucr_twitter-search.json,twitter.com/ucr_sciencenews
ucsb_twitter-search.json,twitter.com/ucsantabarbara
ucsb_twitter-search.json,twitter.com/ucsbbasketball
ucsb_twitter-search.json,twitter.com/ucsb_baseball
ucsb_twitter-search.json,twitter.com/ucsbadmissions
ucsb_twitter-search.json,twitter.com/ucsbengineering
ucsb_twitter-search.json,twitter.com/ucsb_wbb
ucsb_twitter-search.json,twitter.com/ucsbwomensoccer
ucsb_twitter-search.json,twitter.com/brenucsb
ucsb_twitter-search.json,twitter.com/ucsbtennis
ucsc_twitter-search.json,twitter.com/ucsc
ucsc_twitter-search.json,twitter.com/ucscathletics
ucsc_twitter-search.json,twitter.com/ucscscience
ucsc_twitter-search.json,twitter.com/search
ucsc_twitter-search.json,twitter.com/ucsclibrary
ucsc_twitter-search.json,twitter.com/ucscwsoccer
ucsc_twitter-search.json,twitter.com/ucsc_research
ucsc_twitter-search.json,twitter.com/ucscgenomics
ucsc_twitter-search.json,twitter.com/ucsc_taps
ucsd_twitter-search.json,twitter.com/ucsandiego
ucsd_twitter-search.json,twitter.com/ucsd
ucsd_twitter-search.json,twitter.com/ucsdmedschool
ucsd_twitter-search.json,twitter.com/ucsdhealth
ucsd_twitter-search.json,twitter.com/ucsdadmissions
ucsd_twitter-search.json,twitter.com/ucsdjacobs
ucsd_twitter-search.json,twitter.com/ucsdbsb
ucsd_twitter-search.json,twitter.com/ucsdtritons
ucsd_twitter-search.json,twitter.com/ucsdmbb
ufl_twitter-search.json,twitter.com/uf
ufl_twitter-search.json,twitter.com/uflorida
ufl_twitter-search.json,twitter.com/ufnews
ufl_twitter-search.json,twitter.com/ufadmissions
ufl_twitter-search.json,twitter.com/floridapress
ufl_twitter-search.json,twitter.com/ufmedicine
ufl_twitter-search.json,twitter.com/floridagators
ufl_twitter-search.json,twitter.com/ufhealth
ufl_twitter-search.json,twitter.com/ufalumni
ufl_twitter-search.json,twitter.com/ufneurores
uga_twitter-search.json,twitter.com/universityofga
uga_twitter-search.json,twitter.com/ugaadmissions
uga_twitter-search.json,twitter.com/ugaathletics
uga_twitter-search.json,twitter.com/georgiafootball
uga_twitter-search.json,twitter.com/ugapress
uga_twitter-search.json,twitter.com/uga_tps
uga_twitter-search.json,twitter.com/terrycollege
uga_twitter-search.json,twitter.com/borusg
uga_twitter-search.json,twitter.com/ugaextension
uh_twitter-search.json,twitter.com/uhouston
uh_twitter-search.json,twitter.com/uhadmissions
uh_twitter-search.json,twitter.com/uhpres
uh_twitter-search.json,twitter.com/uhcougars
uh_twitter-search.json,twitter.com/uhcougarfb
uh_twitter-search.json,twitter.com/uhclearlake
uh_twitter-search.json,twitter.com/uhcougarmbk
uh_twitter-search.json,twitter.com/uhvictoria
uh_twitter-search.json,twitter.com/uhoustonlib
uic_twitter-search.json,twitter.com/thisisuic
uic_twitter-search.json,twitter.com/uicnews
uic_twitter-search.json,twitter.com/uicdom
uic_twitter-search.json,twitter.com/uicbrowncoat
uic_twitter-search.json,twitter.com/uiccom
uic_twitter-search.json,twitter.com/uicengineering
uic_twitter-search.json,twitter.com/uic_baseball
uic_twitter-search.json,twitter.com/uiceconomics
uic_twitter-search.json,twitter.com/uicpharm
uic_twitter-search.json,twitter.com/uicbusiness
umass_twitter-search.json,twitter.com/umassamherst
umass_twitter-search.json,twitter.com/umass
umass_twitter-search.json,twitter.com/umassadmissions
umass_twitter-search.json,twitter.com/umassathletics
umass_twitter-search.json,twitter.com/umassnews
umass_twitter-search.json,twitter.com/umassfootball
umass_twitter-search.json,twitter.com/umasshockey
umass_twitter-search.json,twitter.com/umassboston
umass_twitter-search.json,twitter.com/umasssoftball
umass_twitter-search.json,twitter.com/umassmlacrosse
umbc_twitter-search.json,twitter.com/umbc
umbc_twitter-search.json,twitter.com/umbaltimore
umbc_twitter-search.json,twitter.com/umbcathletics
umbc_twitter-search.json,twitter.com/ummedschool
umbc_twitter-search.json,twitter.com/ubaltmain
umbc_twitter-search.json,twitter.com/umbcbaseball
umbc_twitter-search.json,twitter.com/umbcsga
umbc_twitter-search.json,twitter.com/mdsocialwork
umbc_twitter-search.json,twitter.com/umbwmc
umbc_twitter-search.json,twitter.com/umms
umd_twitter-search.json,twitter.com/uofmaryland
umd_twitter-search.json,twitter.com/umdrightnow
umd_twitter-search.json,twitter.com/applymaryland
umd_twitter-search.json,twitter.com/umterps
umd_twitter-search.json,twitter.com/merrillcollege
umd_twitter-search.json,twitter.com/clarkschool
umd_twitter-search.json,twitter.com/umdpublichealth
umd_twitter-search.json,twitter.com/umdcollegeofed
umd_twitter-search.json,twitter.com/bsosumd
umich_twitter-search.json,twitter.com/umich
umich_twitter-search.json,twitter.com/umichadmissions
umich_twitter-search.json,twitter.com/umichfootball
umich_twitter-search.json,twitter.com/umichstudents
umich_twitter-search.json,twitter.com/umichigannews
umich_twitter-search.json,twitter.com/michigandaily
umich_twitter-search.json,twitter.com/uofmpress
umich_twitter-search.json,twitter.com/umflint
umn_twitter-search.json,twitter.com/umnews
umn_twitter-search.json,twitter.com/umncse
umn_twitter-search.json,twitter.com/umnresearch
umn_twitter-search.json,twitter.com/umncla
umn_twitter-search.json,twitter.com/umnpublicsafety
umn_twitter-search.json,twitter.com/umnmedschool
umn_twitter-search.json,twitter.com/happifydesign
umn_twitter-search.json,twitter.com/patiomensch
umn_twitter-search.json,twitter.com/snyde043
umn_twitter-search.json,twitter.com/sarahhinde
umn_twitter-search.json,twitter.com/marytcurtinMN
umn_twitter-search.json,twitter.com/abregman42
umn_twitter-search.json,twitter.com/realworldshaun
unc_twitter-search.json,twitter.com/unc
unc_twitter-search.json,twitter.com/goheels
unc_twitter-search.json,twitter.com/dailytarheel
unc_twitter-search.json,twitter.com/unc_system
unc_twitter-search.json,twitter.com/uncadmissions
unc_twitter-search.json,twitter.com/unc_basketball
unc_twitter-search.json,twitter.com/unclibrary
unc_twitter-search.json,twitter.com/uncwomenssoccer
unc_twitter-search.json,twitter.com/uncpharmacy
unm_twitter-search.json,twitter.com/unm
unm_twitter-search.json,twitter.com/unmlobos
unm_twitter-search.json,twitter.com/unmhsc
unm_twitter-search.json,twitter.com/unmlobofb
unm_twitter-search.json,twitter.com/unmpress
unm_twitter-search.json,twitter.com/unmlobovb
unm_twitter-search.json,twitter.com/unmlobomgolf
unm_twitter-search.json,twitter.com/nmsu
unm_twitter-search.json,twitter.com/unmfund
unm_twitter-search.json,twitter.com/unmloboxctf
upenn_twitter-search.json,twitter.com/penn
upenn_twitter-search.json,twitter.com/penn_today
upenn_twitter-search.json,twitter.com/pennmedicine
upenn_twitter-search.json,twitter.com/uofpenn
upenn_twitter-search.json,twitter.com/pennsas
upenn_twitter-search.json,twitter.com/penndps
upenn_twitter-search.json,twitter.com/pennlaw
upenn_twitter-search.json,twitter.com/caluofpa
upenn_twitter-search.json,twitter.com/pennpress
upenn_twitter-search.json,twitter.com/clarionu
usafa_twitter-search.json,twitter.com/af_academy
usafa_twitter-search.json,twitter.com/af_falcons
usafa_twitter-search.json,twitter.com/airforcegrads
usafa_twitter-search.json,twitter.com/af_football
usafa_twitter-search.json,twitter.com/af_msoc
usafa_twitter-search.json,twitter.com/af_baseball
usc_twitter-search.json,twitter.com/usc
usc_twitter-search.json,twitter.com/uscedu
usc_twitter-search.json,twitter.com/usc_athletics
usc_twitter-search.json,twitter.com/uscadmission
usc_twitter-search.json,twitter.com/usc_fb
usc_twitter-search.json,twitter.com/calsouthern
usc_twitter-search.json,twitter.com/vanguardu
usc_twitter-search.json,twitter.com/uscannenberg
usc_twitter-search.json,twitter.com/amara_media
usc_twitter-search.json,twitter.com/webjournalist
usc_twitter-search.json,twitter.com/michelebraphael
usc_twitter-search.json,twitter.com/goldenglobes
uscga_twitter-search.json,twitter.com/uscgacademy
uscga_twitter-search.json,twitter.com/coastguardbears
uscga_twitter-search.json,twitter.com/cga_football
uscga_twitter-search.json,twitter.com/cga_wrestling
uscga_twitter-search.json,twitter.com/cga_baseball
uscga_twitter-search.json,twitter.com/coachccgrant
uscga_twitter-search.json,twitter.com/uscga_wbb
uscga_twitter-search.json,twitter.com/uscgaalumni
uscga_twitter-search.json,twitter.com/coastguard_mbb
usf_twitter-search.json,twitter.com/usouthflorida
usf_twitter-search.json,twitter.com/usfnews
usf_twitter-search.json,twitter.com/usffootball
usf_twitter-search.json,twitter.com/usfhealth
usf_twitter-search.json,twitter.com/usfmuma
usf_twitter-search.json,twitter.com/usfresearch
usf_twitter-search.json,twitter.com/usfathletics
usf_twitter-search.json,twitter.com/usfsm
usf_twitter-search.json,twitter.com/usfcriminology
usf_twitter-search.json,twitter.com/engineeringusf
utdallas_twitter-search.json,twitter.com/ut_dallas
utdallas_twitter-search.json,twitter.com/utdallasnews
utdallas_twitter-search.json,twitter.com/uofdallas
utdallas_twitter-search.json,twitter.com/utdallasvb
utdallas_twitter-search.json,twitter.com/utdcometsports
utdallas_twitter-search.json,twitter.com/utdesports
utdallas_twitter-search.json,twitter.com/utdallashousing
utdallas_twitter-search.json,twitter.com/utd_biology
utdallas_twitter-search.json,twitter.com/utdallas_mbb
utdallas_twitter-search.json,twitter.com/bbsutdallas
utexas_twitter-search.json,twitter.com/utaustin
utexas_twitter-search.json,twitter.com/bealonghorn
utexas_twitter-search.json,twitter.com/texasscience
utexas_twitter-search.json,twitter.com/thedailytexan
utexas_twitter-search.json,twitter.com/texaslonghorns
utexas_twitter-search.json,twitter.com/uthealthaustin
utexas_twitter-search.json,twitter.com/utaustin_2025
utexas_twitter-search.json,twitter.com/texasfootball
utexas_twitter-search.json,twitter.com/utaustinsafety
utexas_twitter-search.json,twitter.com/utpsychology
vanderbilt_twitter-search.json,twitter.com/vanderbiltu
vanderbilt_twitter-search.json,twitter.com/vandyboys
vanderbilt_twitter-search.json,twitter.com/vandyfootball
vanderbilt_twitter-search.json,twitter.com/vumchealth
vanderbilt_twitter-search.json,twitter.com/vucommodores
vanderbilt_twitter-search.json,twitter.com/vanderbiltup
vanderbilt_twitter-search.json,twitter.com/vumedicine
vanderbilt_twitter-search.json,twitter.com/vu_chancellor
vanderbilt_twitter-search.json,twitter.com/vanderbiltlaw
vanderbilt_twitter-search.json,twitter.com/innovatelawnow
vanderbilt_twitter-search.json,twitter.com/inspiredcat
vanderbilt_twitter-search.json,twitter.com/tennbarjournal
vanderbilt_twitter-search.json,twitter.com/grantalexnunn
vanderbilt_twitter-search.json,twitter.com/just_security
villanova_twitter-search.json,twitter.com/villanovau
villanova_twitter-search.json,twitter.com/novambb
villanova_twitter-search.json,twitter.com/vuadmission
villanova_twitter-search.json,twitter.com/novaathletics
villanova_twitter-search.json,twitter.com/thevillanovan
villanova_twitter-search.json,twitter.com/vu_business
villanova_twitter-search.json,twitter.com/clasvillanova
villanova_twitter-search.json,twitter.com/vubaseball
villanova_twitter-search.json,twitter.com/vunursing
virginia_twitter-search.json,twitter.com/uva
virginia_twitter-search.json,twitter.com/uvaadmission
virginia_twitter-search.json,twitter.com/uvafootball
virginia_twitter-search.json,twitter.com/uvalaw
virginia_twitter-search.json,twitter.com/uvahealthnews
virginia_twitter-search.json,twitter.com/uvamenshoops
virginia_twitter-search.json,twitter.com/virginiasports
virginia_twitter-search.json,twitter.com/uvamenslax
virginia_twitter-search.json,twitter.com/uvaengineers
virginia_twitter-search.json,twitter.com/dardenmba
vt_twitter-search.json,twitter.com/virginia_tech
vt_twitter-search.json,twitter.com/vtchemdept
vt_twitter-search.json,twitter.com/vtengineering
vt_twitter-search.json,twitter.com/hokieswbb
vt_twitter-search.json,twitter.com/ise_vt
vt_twitter-search.json,twitter.com/vtlibraries
vt_twitter-search.json,twitter.com/fralinbiomed
vt_twitter-search.json,twitter.com/vtgradcommunity
vt_twitter-search.json,twitter.com/vtnews
vt_twitter-search.json,twitter.com/hokiesfb
washington_twitter-search.json,twitter.com/uw
washington_twitter-search.json,twitter.com/thedaily
washington_twitter-search.json,twitter.com/uwmedicine
washington_twitter-search.json,twitter.com/uwnews
washington_twitter-search.json,twitter.com/seattleu
washington_twitter-search.json,twitter.com/uw_football
washington_twitter-search.json,twitter.com/uwalert
washington_twitter-search.json,twitter.com/uwpedsres
washington_twitter-search.json,twitter.com/uwfosterschool
westpoint_twitter-search.json,twitter.com/westpoint_usma
westpoint_twitter-search.json,twitter.com/wpaog
westpoint_twitter-search.json,twitter.com/usma_admissions
westpoint_twitter-search.json,twitter.com/armywp_football
westpoint_twitter-search.json,twitter.com/navalacademy
westpoint_twitter-search.json,twitter.com/goarmywestpoint
westpoint_twitter-search.json,twitter.com/search
westpoint_twitter-search.json,twitter.com/astro_kimbrough
westpoint_twitter-search.json,twitter.com/af_academy
wfu_twitter-search.json,twitter.com/wakeforest
wfu_twitter-search.json,twitter.com/wakefb
wfu_twitter-search.json,twitter.com/wakeforestnews
wfu_twitter-search.json,twitter.com/demondeacons
wfu_twitter-search.json,twitter.com/wfulawschool
wfu_twitter-search.json,twitter.com/wakembb
wfu_twitter-search.json,twitter.com/wfuadmissions
wfu_twitter-search.json,twitter.com/wakebaseball
wfu_twitter-search.json,twitter.com/wakeforestbiz
wfu_twitter-search.json,twitter.com/wfucampuslife
wisc_twitter-search.json,twitter.com/uwmadison
wisc_twitter-search.json,twitter.com/uwadmissions
wisc_twitter-search.json,twitter.com/uwbadgers
wisc_twitter-search.json,twitter.com/uwmadisonls
wisc_twitter-search.json,twitter.com/uwmadisonpolice
wisc_twitter-search.json,twitter.com/uwdoit
wisc_twitter-search.json,twitter.com/housinguw
wisc_twitter-search.json,twitter.com/uwmadisonmedia
wisc_twitter-search.json,twitter.com/uwemermed
wisc_twitter-search.json,twitter.com/badgerfootball
wpi_twitter-search.json,twitter.com/wpi
wpi_twitter-search.json,twitter.com/wpiadmissions
wpi_twitter-search.json,twitter.com/wpiathletics
wpi_twitter-search.json,twitter.com/wpinews
wpi_twitter-search.json,twitter.com/laurieofmars
wpi_twitter-search.json,twitter.com/wpifootball
wpi_twitter-search.json,twitter.com/wpiesports
wpi_twitter-search.json,twitter.com/coachmkellywpi
wpi_twitter-search.json,twitter.com/wpicommencement
wpi_twitter-search.json,twitter.com/wpieats
wustl_twitter-search.json,twitter.com/wustl
wustl_twitter-search.json,twitter.com/washuadmissions
wustl_twitter-search.json,twitter.com/wustlnews
wustl_twitter-search.json,twitter.com/wustlmed
wustl_twitter-search.json,twitter.com/washuready
wustl_twitter-search.json,twitter.com/washulaw
wustl_twitter-search.json,twitter.com/washuengineers
wustl_twitter-search.json,twitter.com/washu_wbb
wustl_twitter-search.json,twitter.com/wustlbio
wustl_twitter-search.json,twitter.com/wustlartsci
yale_twitter-search.json,twitter.com/yale
yale_twitter-search.json,twitter.com/yaledailynews
yale_twitter-search.json,twitter.com/yaleuga
yale_twitter-search.json,twitter.com/yalemed
yale_twitter-search.json,twitter.com/yaleathletics
yale_twitter-search.json,twitter.com/yalefootball
yale_twitter-search.json,twitter.com/yalepress
yale_twitter-search.json,twitter.com/yalesom
yale_twitter-search.json,twitter.com/yalefaculty